time_sec;time_min;FHR_bpm;Toco_value
0.000;0.000;150.0;47.9
1.000;0.017;150.1;50.8
2.000;0.033;150.2;47.5
3.000;0.050;150.2;46.9
4.000;0.067;150.2;48.3
5.000;0.083;150.0;48.5
6.000;0.100;149.7;48.5
7.000;0.117;149.2;47.2
8.000;0.133;148.5;44.2
9.000;0.150;147.8;39.8
10.000;0.167;147.2;35.3
11.000;0.183;146.8;33.0
12.000;0.200;146.4;32.8
13.000;0.217;145.9;29.3
14.000;0.233;145.4;30.8
15.000;0.250;145.1;30.6
16.000;0.267;145.0;30.9
17.000;0.283;145.2;32.2
18.000;0.300;145.7;34.5
19.000;0.317;146.1;37.9
20.000;0.333;146.4;41.6
21.000;0.350;146.8;45.4
22.000;0.367;147.2;45.6
23.000;0.383;147.8;44.6
24.000;0.400;148.4;43.1
25.000;0.417;148.8;47.0
26.000;0.433;149.2;50.5
27.000;0.450;149.3;49.9
28.000;0.467;149.3;47.2
29.000;0.483;149.4;43.5
30.000;0.500;149.4;39.5
31.000;0.517;149.3;37.1
32.000;0.533;149.1;37.0
33.000;0.550;149.0;39.3
34.000;0.567;148.9;40.1
35.000;0.583;148.7;36.6
36.000;0.600;148.4;33.0
37.000;0.617;147.9;33.8
38.000;0.633;147.1;37.2
39.000;0.650;146.1;40.7
40.000;0.667;145.0;44.3
41.000;0.683;143.8;48.9
42.000;0.700;142.8;54.8
43.000;0.717;142.2;56.9
44.000;0.733;141.7;57.0
45.000;0.750;141.5;59.9
46.000;0.767;141.4;62.9
47.000;0.783;141.6;63.8
48.000;0.800;141.9;63.5
49.000;0.817;142.5;63.2
50.000;0.833;143.4;66.6
51.000;0.850;144.2;65.2
52.000;0.867;144.8;62.7
53.000;0.883;145.1;61.8
54.000;0.900;145.3;62.6
55.000;0.917;145.6;66.2
56.000;0.933;145.9;67.0
57.000;0.950;146.2;67.3
58.000;0.967;146.4;66.8
59.000;0.983;146.8;62.2
60.000;1.000;147.2;56.7
61.000;1.017;147.5;54.1
62.000;1.033;147.8;53.4
63.000;1.050;148.2;52.9
64.000;1.067;148.4;49.0
65.000;1.083;148.5;43.0
66.000;1.100;148.4;41.5
67.000;1.117;148.4;41.4
68.000;1.133;148.3;43.8
69.000;1.150;148.1;47.2
70.000;1.167;147.7;50.6
71.000;1.183;147.3;52.4
72.000;1.200;147.0;52.3
73.000;1.217;146.8;51.4
74.000;1.233;146.7;51.4
75.000;1.250;146.5;50.5
76.000;1.267;146.4;50.5
77.000;1.283;146.3;50.1
78.000;1.300;146.3;46.4
79.000;1.317;146.5;43.1
80.000;1.333;146.7;40.8
81.000;1.350;147.0;40.6
82.000;1.367;147.1;41.4
83.000;1.383;147.2;44.1
84.000;1.400;147.3;47.3
85.000;1.417;147.6;49.9
86.000;1.433;147.9;46.7
87.000;1.450;148.2;44.6
88.000;1.467;148.3;44.4
89.000;1.483;148.3;45.2
90.000;1.500;148.2;45.7
91.000;1.517;148.0;45.8
92.000;1.533;148.0;45.8
93.000;1.550;148.0;45.1
94.000;1.567;147.9;41.7
95.000;1.583;147.8;40.0
96.000;1.600;147.7;40.1
97.000;1.617;147.5;40.4
98.000;1.633;147.4;40.9
99.000;1.650;147.2;42.4
100.000;1.667;147.2;42.3
101.000;1.683;147.2;41.1
102.000;1.700;147.2;37.9
103.000;1.717;147.3;36.7
104.000;1.733;147.3;36.7
105.000;1.750;147.5;36.8
106.000;1.767;147.6;36.7
107.000;1.783;147.8;37.3
108.000;1.800;148.0;39.3
109.000;1.817;148.3;37.8
110.000;1.833;148.6;34.5
111.000;1.850;149.0;33.5
112.000;1.867;149.4;33.5
113.000;1.883;149.8;33.5
114.000;1.900;150.2;33.6
115.000;1.917;150.6;33.6
116.000;1.933;151.0;37.3
117.000;1.950;151.3;40.4
118.000;1.967;151.6;38.0
119.000;1.983;151.8;37.5
120.000;2.000;152.0;40.8
121.000;2.017;152.1;44.3
122.000;2.033;152.0;46.5
123.000;2.050;151.9;46.5
124.000;2.067;151.8;48.7
125.000;2.083;151.7;52.1
126.000;2.100;151.7;49.0
127.000;2.117;151.7;49.0
128.000;2.133;151.8;52.3
129.000;2.150;151.9;54.4
130.000;2.167;151.9;54.5
131.000;2.183;152.0;54.5
132.000;2.200;152.1;57.0
133.000;2.217;152.3;60.5
134.000;2.233;152.4;60.4
135.000;2.250;152.5;60.3
136.000;2.267;152.4;60.3
137.000;2.283;152.3;60.3
138.000;2.300;152.2;60.3
139.000;2.317;152.0;60.2
140.000;2.333;152.0;59.9
141.000;2.350;152.0;59.6
142.000;2.367;152.0;59.3
143.000;2.383;151.9;59.1
144.000;2.400;152.0;59.0
145.000;2.417;152.1;58.9
146.000;2.433;152.2;58.9
147.000;2.450;152.2;58.9
148.000;2.467;152.3;58.9
149.000;2.483;152.5;59.0
150.000;2.500;152.5;59.1
151.000;2.517;152.3;59.3
152.000;2.533;151.9;59.5
153.000;2.550;151.2;59.7
154.000;2.567;150.5;59.9
155.000;2.583;149.8;60.1
156.000;2.600;149.3;60.4
157.000;2.617;148.9;60.6
158.000;2.633;148.5;60.9
159.000;2.650;148.2;61.2
160.000;2.667;147.9;61.5
161.000;2.683;147.9;61.9
162.000;2.700;148.1;62.2
163.000;2.717;148.5;62.4
164.000;2.733;148.9;62.7
165.000;2.750;149.2;63.0
166.000;2.767;149.5;63.3
167.000;2.783;149.6;63.5
168.000;2.800;149.7;63.8
169.000;2.817;149.8;64.0
170.000;2.833;150.0;64.7
171.000;2.850;150.2;65.0
172.000;2.867;150.3;65.2
173.000;2.883;150.5;65.4
174.000;2.900;150.6;65.7
175.000;2.917;150.6;66.0
176.000;2.933;150.5;66.6
177.000;2.950;150.5;67.0
178.000;2.967;150.5;67.4
179.000;2.983;150.6;67.5
180.000;3.000;150.5;67.5
181.000;3.017;150.3;67.6
182.000;3.033;150.1;67.9
183.000;3.050;150.2;68.0
184.000;3.067;150.2;68.1
185.000;3.083;150.4;68.1
186.000;3.100;150.4;68.2
187.000;3.117;150.4;68.3
188.000;3.133;150.4;68.4
189.000;3.150;150.4;68.3
190.000;3.167;150.6;68.1
191.000;3.183;150.9;67.9
192.000;3.200;151.1;67.5
193.000;3.217;151.3;66.8
194.000;3.233;151.5;66.4
195.000;3.250;151.7;65.9
196.000;3.267;152.0;65.4
197.000;3.283;152.3;65.0
198.000;3.300;152.5;64.7
199.000;3.317;152.7;64.6
200.000;3.333;152.8;64.4
201.000;3.350;152.9;64.1
202.000;3.367;153.0;63.9
203.000;3.383;153.0;63.8
204.000;3.400;152.8;63.3
205.000;3.417;152.5;62.9
206.000;3.433;152.2;62.5
207.000;3.450;151.7;62.2
208.000;3.467;151.4;62.0
209.000;3.483;151.1;61.8
210.000;3.500;151.0;61.9
211.000;3.517;150.8;62.3
212.000;3.533;150.4;62.8
213.000;3.550;150.0;63.5
214.000;3.567;149.7;64.2
215.000;3.583;149.6;65.0
216.000;3.600;149.6;65.7
217.000;3.617;149.7;66.1
218.000;3.633;149.6;65.9
219.000;3.650;149.5;65.3
220.000;3.667;149.3;64.8
221.000;3.683;149.1;64.3
222.000;3.700;149.3;63.7
223.000;3.717;149.6;62.7
224.000;3.733;150.0;61.4
225.000;3.750;150.1;59.9
226.000;3.767;150.2;58.6
227.000;3.783;150.4;57.8
228.000;3.800;150.7;57.5
229.000;3.817;151.1;57.5
230.000;3.833;151.5;57.4
231.000;3.850;152.0;57.0
232.000;3.867;152.0;56.9
233.000;3.883;151.9;57.0
234.000;3.900;151.9;57.4
235.000;3.917;151.9;56.2
236.000;3.933;152.0;53.3
237.000;3.950;152.1;51.5
238.000;3.967;152.0;51.4
239.000;3.983;151.9;48.4
240.000;4.000;151.6;45.4
241.000;4.017;151.5;43.0
242.000;4.033;151.6;42.3
243.000;4.050;151.7;42.4
244.000;4.067;151.8;40.4
245.000;4.083;151.8;40.0
246.000;4.100;151.8;42.8
247.000;4.117;151.7;43.8
248.000;4.133;151.5;43.7
249.000;4.150;151.3;45.0
250.000;4.167;151.2;46.0
251.000;4.183;151.2;44.7
252.000;4.200;151.0;41.9
253.000;4.217;150.8;39.5
254.000;4.233;150.5;42.4
255.000;4.250;150.2;43.9
256.000;4.267;149.8;41.9
257.000;4.283;149.6;39.2
258.000;4.300;149.5;38.5
259.000;4.317;149.5;36.2
260.000;4.333;149.7;36.3
261.000;4.350;149.7;37.1
262.000;4.367;149.9;39.7
263.000;4.383;150.1;39.8
264.000;4.400;150.4;37.2
265.000;4.417;150.8;35.2
266.000;4.433;151.3;37.4
267.000;4.450;151.7;40.2
268.000;4.467;151.8;40.1
269.000;4.483;151.8;41.1
270.000;4.500;151.7;44.3
271.000;4.517;151.7;45.6
272.000;4.533;151.6;44.2
273.000;4.550;151.6;43.1
274.000;4.567;151.5;43.2
275.000;4.583;151.3;45.6
276.000;4.600;151.1;44.6
277.000;4.617;150.9;43.1
278.000;4.633;151.0;44.9
279.000;4.650;151.1;45.7
280.000;4.667;151.4;45.7
281.000;4.683;151.7;46.0
282.000;4.700;152.0;48.6
283.000;4.717;152.3;50.8
284.000;4.733;152.8;51.1
285.000;4.750;153.4;49.1
286.000;4.767;154.0;48.8
287.000;4.783;154.4;48.9
288.000;4.800;154.7;46.1
289.000;4.817;154.9;43.4
290.000;4.833;154.9;42.2
291.000;4.850;154.9;40.9
292.000;4.867;154.7;38.6
293.000;4.883;154.4;37.7
294.000;4.900;154.0;39.1
295.000;4.917;153.6;41.2
296.000;4.933;153.2;44.1
297.000;4.950;152.8;46.2
298.000;4.967;152.5;46.0
299.000;4.983;152.3;45.2
300.000;5.000;152.1;42.9
301.000;5.017;152.0;42.6
302.000;5.033;151.9;45.3
303.000;5.050;152.0;46.4
304.000;5.067;152.1;46.2
305.000;5.083;152.1;45.9
306.000;5.100;152.2;45.4
307.000;5.117;152.2;47.4
308.000;5.133;152.3;50.3
309.000;5.150;152.3;52.7
310.000;5.167;152.5;52.6
311.000;5.183;152.6;51.4
312.000;5.200;152.8;48.2
313.000;5.217;152.9;47.0
314.000;5.233;152.9;47.2
315.000;5.250;153.0;44.9
316.000;5.267;153.0;42.3
317.000;5.283;153.0;41.4
318.000;5.300;152.9;40.6
319.000;5.317;152.7;39.1
320.000;5.333;152.5;39.1
321.000;5.350;152.2;39.2
322.000;5.367;152.0;39.3
323.000;5.383;151.7;36.4
324.000;5.400;151.4;34.4
325.000;5.417;151.0;37.0
326.000;5.433;150.5;40.4
327.000;5.450;150.0;41.3
328.000;5.467;149.6;43.2
329.000;5.483;149.0;45.9
330.000;5.500;148.5;48.6
331.000;5.517;148.0;51.3
332.000;5.533;147.8;53.3
333.000;5.550;147.6;53.7
334.000;5.567;147.4;52.9
335.000;5.583;147.3;51.1
336.000;5.600;147.3;49.6
337.000;5.617;147.2;47.2
338.000;5.633;147.2;47.0
339.000;5.650;147.4;46.9
340.000;5.667;147.6;46.9
341.000;5.683;147.6;45.3
342.000;5.700;147.6;44.5
343.000;5.717;147.7;46.4
344.000;5.733;147.8;48.3
345.000;5.750;148.1;46.0
346.000;5.767;148.4;44.4
347.000;5.783;148.7;44.6
348.000;5.800;149.1;45.3
349.000;5.817;149.3;43.7
350.000;5.833;149.7;43.0
351.000;5.850;150.0;45.4
352.000;5.867;150.3;46.7
353.000;5.883;150.6;44.1
354.000;5.900;150.8;43.9
355.000;5.917;150.9;46.6
356.000;5.933;151.1;49.2
357.000;5.950;151.0;46.7
358.000;5.967;151.0;43.7
359.000;5.983;151.0;43.7
360.000;6.000;150.9;43.9
361.000;6.017;150.8;44.5
362.000;6.033;150.7;47.1
363.000;6.050;150.6;50.6
364.000;6.067;150.5;52.0
365.000;6.083;150.4;53.0
366.000;6.100;150.3;54.7
367.000;6.117;150.3;58.5
368.000;6.133;150.3;62.4
369.000;6.150;150.3;64.6
370.000;6.167;150.2;65.0
371.000;6.183;150.1;64.3
372.000;6.200;150.1;63.6
373.000;6.217;150.0;63.9
374.000;6.233;150.0;64.0
375.000;6.250;149.9;63.9
376.000;6.267;150.0;63.7
377.000;6.283;150.1;63.4
378.000;6.300;150.4;63.0
379.000;6.317;150.8;63.0
380.000;6.333;151.2;63.8
381.000;6.350;151.6;64.8
382.000;6.367;151.9;65.3
383.000;6.383;152.2;65.2
384.000;6.400;152.5;65.2
385.000;6.417;152.7;65.4
386.000;6.433;152.8;65.3
387.000;6.450;152.8;65.3
388.000;6.467;152.6;65.1
389.000;6.483;152.3;64.9
390.000;6.500;152.0;64.5
391.000;6.517;151.8;64.0
392.000;6.533;151.6;63.4
393.000;6.550;151.4;62.8
394.000;6.567;151.3;62.1
395.000;6.583;151.2;61.5
396.000;6.600;151.2;61.1
397.000;6.617;151.2;60.4
398.000;6.633;151.3;59.7
399.000;6.650;151.4;59.1
400.000;6.667;151.6;58.8
401.000;6.683;151.8;58.8
402.000;6.700;152.1;58.8
403.000;6.717;152.3;58.7
404.000;6.733;152.3;58.6
405.000;6.750;152.3;58.5
406.000;6.767;152.3;58.5
407.000;6.783;152.2;58.5
408.000;6.800;152.2;57.6
409.000;6.817;152.0;55.0
410.000;6.833;151.8;55.1
411.000;6.850;151.5;54.9
412.000;6.867;151.2;54.9
413.000;6.883;151.1;55.4
414.000;6.900;150.8;55.3
415.000;6.917;150.6;55.6
416.000;6.933;150.4;55.8
417.000;6.950;150.2;56.1
418.000;6.967;150.2;58.6
419.000;6.983;150.2;59.6
420.000;7.000;150.3;59.5
421.000;7.017;150.4;59.3
422.000;7.033;150.5;58.7
423.000;7.050;150.6;58.3
424.000;7.067;150.5;58.1
425.000;7.083;150.2;59.8
426.000;7.100;150.0;62.9
427.000;7.117;149.8;65.1
428.000;7.133;149.7;66.1
429.000;7.150;149.6;67.0
430.000;7.167;149.6;68.0
431.000;7.183;149.7;69.0
432.000;7.200;149.7;70.0
433.000;7.217;149.7;70.9
434.000;7.233;150.1;71.9
435.000;7.250;150.5;69.7
436.000;7.267;150.9;67.9
437.000;7.283;151.2;67.4
438.000;7.300;151.4;67.7
439.000;7.317;151.4;68.1
440.000;7.333;151.3;68.5
441.000;7.350;151.1;69.0
442.000;7.367;151.2;69.6
443.000;7.383;151.2;70.0
444.000;7.400;151.3;70.4
445.000;7.417;151.2;70.7
446.000;7.433;151.0;70.7
447.000;7.450;150.7;70.7
448.000;7.467;150.3;70.3
449.000;7.483;150.0;69.8
450.000;7.500;149.6;69.4
451.000;7.517;149.1;68.8
452.000;7.533;148.5;68.0
453.000;7.550;147.9;66.3
454.000;7.567;147.3;64.3
455.000;7.583;146.8;65.6
456.000;7.600;146.4;64.5
457.000;7.617;146.0;60.7
458.000;7.633;145.9;57.4
459.000;7.650;145.9;54.0
460.000;7.667;146.1;50.5
461.000;7.683;146.3;47.0
462.000;7.700;146.7;46.4
463.000;7.717;147.1;47.9
464.000;7.733;147.7;48.5
465.000;7.750;148.2;46.6
466.000;7.767;148.6;45.9
467.000;7.783;148.9;45.9
468.000;7.800;149.1;48.8
469.000;7.817;149.3;52.9
470.000;7.833;149.6;57.1
471.000;7.850;149.9;60.1
472.000;7.867;150.1;56.9
473.000;7.883;150.1;55.4
474.000;7.900;149.9;56.2
475.000;7.917;150.0;58.3
476.000;7.933;150.3;58.9
477.000;7.950;150.6;58.8
478.000;7.967;150.8;58.8
479.000;7.983;150.8;58.7
480.000;8.000;150.6;56.7
481.000;8.017;150.3;54.7
482.000;8.033;150.2;54.5
483.000;8.050;150.1;50.7
484.000;8.067;149.8;46.5
485.000;8.083;149.4;46.3
486.000;8.100;148.9;49.7
487.000;8.117;148.5;51.1
488.000;8.133;148.2;50.4
489.000;8.150;148.1;51.3
490.000;8.167;148.1;53.9
491.000;8.183;148.3;54.2
492.000;8.200;148.6;55.2
493.000;8.217;148.9;59.3
494.000;8.233;149.4;61.8
495.000;8.250;149.8;60.0
496.000;8.267;150.3;56.5
497.000;8.283;150.7;53.2
498.000;8.300;151.1;53.6
499.000;8.317;151.4;51.8
500.000;8.333;151.8;49.8
501.000;8.350;151.9;52.0
502.000;8.367;151.7;54.8
503.000;8.383;151.5;52.3
504.000;8.400;151.1;48.2
505.000;8.417;150.8;50.9
506.000;8.433;150.7;56.6
507.000;8.450;150.5;60.0
508.000;8.467;150.3;60.4
509.000;8.483;150.1;63.0
510.000;8.500;149.9;67.1
511.000;8.517;149.8;66.8
512.000;8.533;150.0;65.9
513.000;8.550;150.3;69.7
514.000;8.567;150.6;72.8
515.000;8.583;150.8;72.8
516.000;8.600;150.8;71.5
517.000;8.617;150.9;70.6
518.000;8.633;150.9;69.8
519.000;8.650;150.7;69.4
520.000;8.667;150.4;66.4
521.000;8.683;150.3;65.3
522.000;8.700;150.2;61.8
523.000;8.717;150.1;58.2
524.000;8.733;150.0;56.4
525.000;8.750;150.0;55.6
526.000;8.767;150.0;54.8
527.000;8.783;149.8;51.1
528.000;8.800;149.7;47.1
529.000;8.817;149.9;46.6
530.000;8.833;150.1;48.1
531.000;8.850;150.3;48.1
532.000;8.867;150.4;51.0
533.000;8.883;150.3;54.6
534.000;8.900;150.0;57.2
535.000;8.917;149.9;59.4
536.000;8.933;149.8;62.0
537.000;8.950;149.9;65.2
538.000;8.967;150.0;67.9
539.000;8.983;150.0;67.5
540.000;9.000;150.1;64.3
541.000;9.017;149.9;63.4
542.000;9.033;149.9;61.5
543.000;9.050;150.0;62.7
544.000;9.067;150.3;60.8
545.000;9.083;150.6;58.2
546.000;9.100;150.8;54.8
547.000;9.117;150.9;50.8
548.000;9.133;150.7;51.0
549.000;9.150;150.4;51.1
550.000;9.167;149.9;51.1
551.000;9.183;149.4;51.3
552.000;9.200;148.8;47.4
553.000;9.217;148.2;46.3
554.000;9.233;147.7;49.5
555.000;9.250;147.3;53.2
556.000;9.267;147.0;58.1
557.000;9.283;146.9;61.4
558.000;9.300;147.1;60.0
559.000;9.317;147.4;58.9
560.000;9.333;147.9;58.8
561.000;9.350;148.4;61.9
562.000;9.367;149.0;64.0
563.000;9.383;149.6;61.1
564.000;9.400;150.1;58.0
565.000;9.417;150.4;55.4
566.000;9.433;150.5;52.3
567.000;9.450;150.5;48.6
568.000;9.467;150.6;48.5
569.000;9.483;150.7;48.6
570.000;9.500;150.8;47.5
571.000;9.517;150.9;44.1
572.000;9.533;151.0;42.6
573.000;9.550;151.0;42.4
574.000;9.567;151.1;40.1
575.000;9.583;151.2;37.7
576.000;9.600;151.3;40.1
577.000;9.617;151.3;41.0
578.000;9.633;151.2;41.1
579.000;9.650;151.0;41.2
580.000;9.667;150.8;43.3
581.000;9.683;150.5;45.1
582.000;9.700;150.1;43.0
583.000;9.717;149.7;46.6
584.000;9.733;149.3;51.7
585.000;9.750;148.9;53.6
586.000;9.767;148.6;53.1
587.000;9.783;148.4;52.7
588.000;9.800;148.3;52.7
589.000;9.817;148.4;52.8
590.000;9.833;148.6;53.0
591.000;9.850;148.8;55.2
592.000;9.867;149.0;54.8
593.000;9.883;149.3;48.5
594.000;9.900;149.5;43.1
595.000;9.917;149.7;42.2
596.000;9.933;149.8;45.1
597.000;9.950;149.8;48.3
598.000;9.967;149.8;51.3
599.000;9.983;149.8;53.1
600.000;10.000;149.9;53.1
601.000;10.017;150.1;53.0
602.000;10.033;150.2;54.7
603.000;10.050;150.5;59.0
604.000;10.067;150.8;62.6
605.000;10.083;151.1;62.4
606.000;10.100;151.4;62.3
607.000;10.117;151.7;62.1
608.000;10.133;151.9;62.0
609.000;10.150;152.0;61.8
610.000;10.167;152.0;61.7
611.000;10.183;152.0;61.5
612.000;10.200;151.9;61.5
613.000;10.217;151.8;61.7
614.000;10.233;151.8;62.8
615.000;10.250;151.7;65.4
616.000;10.267;151.5;68.5
617.000;10.283;151.3;69.3
618.000;10.300;151.2;69.9
619.000;10.317;151.1;70.3
620.000;10.333;151.0;70.6
621.000;10.350;150.9;70.7
622.000;10.367;150.8;70.6
623.000;10.383;151.0;70.4
624.000;10.400;151.1;68.9
625.000;10.417;151.2;65.9
626.000;10.433;151.2;63.8
627.000;10.450;151.2;63.4
628.000;10.467;151.2;62.9
629.000;10.483;151.2;62.7
630.000;10.500;151.2;62.7
631.000;10.517;151.3;62.7
632.000;10.533;151.4;62.8
633.000;10.550;151.3;63.0
634.000;10.567;151.2;63.1
635.000;10.583;151.2;60.8
636.000;10.600;151.3;56.5
637.000;10.617;151.4;53.4
638.000;10.633;151.5;52.2
639.000;10.650;151.6;52.5
640.000;10.667;151.6;52.7
641.000;10.683;151.6;53.1
642.000;10.700;151.6;53.4
643.000;10.717;151.7;53.7
644.000;10.733;151.6;54.0
645.000;10.750;151.6;58.4
646.000;10.767;151.6;62.9
647.000;10.783;151.4;65.6
648.000;10.800;151.1;66.7
649.000;10.817;150.8;67.0
650.000;10.833;150.5;67.5
651.000;10.850;150.2;68.3
652.000;10.867;149.9;69.0
653.000;10.883;149.6;69.4
654.000;10.900;149.1;69.4
655.000;10.917;148.4;69.1
656.000;10.933;147.9;68.5
657.000;10.950;147.7;67.8
658.000;10.967;147.8;67.1
659.000;10.983;147.9;66.3
660.000;11.000;148.1;65.5
661.000;11.017;148.1;64.6
662.000;11.033;148.2;64.1
663.000;11.050;148.3;64.3
664.000;11.067;148.7;65.2
665.000;11.083;149.1;66.9
666.000;11.100;149.6;69.1
667.000;11.117;149.8;72.0
668.000;11.133;149.7;75.1
669.000;11.150;149.7;77.9
670.000;11.167;149.6;79.7
671.000;11.183;149.4;80.9
672.000;11.200;149.1;81.3
673.000;11.217;148.8;82.9
674.000;11.233;148.8;84.3
675.000;11.250;148.7;85.3
676.000;11.267;148.5;85.9
677.000;11.283;148.4;86.0
678.000;11.300;148.5;84.7
679.000;11.317;148.6;83.1
680.000;11.333;148.9;78.8
681.000;11.350;149.2;74.7
682.000;11.367;149.7;70.5
683.000;11.383;150.0;66.3
684.000;11.400;150.3;64.0
685.000;11.417;150.6;59.5
686.000;11.433;150.8;54.1
687.000;11.450;150.9;48.8
688.000;11.467;150.9;45.2
689.000;11.483;151.0;42.8
690.000;11.500;150.9;42.9
691.000;11.517;150.9;42.9
692.000;11.533;150.7;42.4
693.000;11.550;150.4;38.4
694.000;11.567;149.9;33.7
695.000;11.583;149.3;33.5
696.000;11.600;148.9;33.3
697.000;11.617;148.4;33.4
698.000;11.633;148.0;33.4
699.000;11.650;147.6;33.3
700.000;11.667;147.3;33.2
701.000;11.683;146.9;33.3
702.000;11.700;146.7;35.9
703.000;11.717;146.5;37.3
704.000;11.733;146.4;38.0
705.000;11.750;146.3;37.8
706.000;11.767;146.2;37.6
707.000;11.783;145.9;37.4
708.000;11.800;145.5;38.9
709.000;11.817;145.1;38.1
710.000;11.833;144.7;40.5
711.000;11.850;144.2;41.8
712.000;11.867;143.9;41.8
713.000;11.883;143.7;41.8
714.000;11.900;143.6;42.0
715.000;11.917;143.8;44.9
716.000;11.933;144.0;47.1
717.000;11.950;144.3;46.4
718.000;11.967;144.8;47.1
719.000;11.983;145.3;49.0
720.000;12.000;145.7;49.1
721.000;12.017;146.0;47.5
722.000;12.033;146.0;47.1
723.000;12.050;145.7;47.3
724.000;12.067;145.3;48.8
725.000;12.083;144.9;47.4
726.000;12.100;144.7;47.6
727.000;12.117;144.5;50.1
728.000;12.133;144.3;47.4
729.000;12.150;144.4;44.7
730.000;12.167;144.5;44.3
731.000;12.183;144.9;47.2
732.000;12.200;145.4;50.4
733.000;12.217;146.2;52.1
734.000;12.233;147.1;52.6
735.000;12.250;147.7;55.1
736.000;12.267;147.8;51.8
737.000;12.283;148.0;49.9
738.000;12.300;148.1;50.9
739.000;12.317;148.2;50.4
740.000;12.333;148.4;48.3
741.000;12.350;148.6;45.6
742.000;12.367;148.8;42.8
743.000;12.383;148.8;40.3
744.000;12.400;148.9;39.9
745.000;12.417;149.0;38.4
746.000;12.433;149.1;39.3
747.000;12.450;149.1;41.4
748.000;12.467;149.1;45.2
749.000;12.483;149.1;48.6
750.000;12.500;148.9;51.6
751.000;12.517;148.7;54.1
752.000;12.533;148.4;56.6
753.000;12.550;148.1;56.1
754.000;12.567;147.9;53.3
755.000;12.583;147.8;52.8
756.000;12.600;147.9;52.8
757.000;12.617;148.0;49.3
758.000;12.633;148.0;45.5
759.000;12.650;147.9;42.1
760.000;12.667;147.8;40.4
761.000;12.683;147.7;40.6
762.000;12.700;147.8;40.7
763.000;12.717;147.8;41.6
764.000;12.733;147.6;42.7
765.000;12.750;147.3;42.7
766.000;12.767;146.8;42.7
767.000;12.783;146.4;42.8
768.000;12.800;146.0;44.5
769.000;12.817;145.7;44.6
770.000;12.833;145.4;44.6
771.000;12.850;145.3;44.9
772.000;12.867;145.2;45.9
773.000;12.883;145.2;48.8
774.000;12.900;145.3;51.6
775.000;12.917;145.6;54.3
776.000;12.933;145.9;55.4
777.000;12.950;146.2;55.8
778.000;12.967;146.6;52.2
779.000;12.983;147.0;52.8
780.000;13.000;147.3;49.5
781.000;13.017;147.7;45.2
782.000;13.033;148.1;43.1
783.000;13.050;148.5;43.0
784.000;13.067;148.8;43.0
785.000;13.083;149.0;43.2
786.000;13.100;149.2;43.0
787.000;13.117;149.4;43.3
788.000;13.133;149.4;44.1
789.000;13.150;149.3;44.2
790.000;13.167;149.1;45.1
791.000;13.183;148.5;46.4
792.000;13.200;147.8;46.4
793.000;13.217;147.4;45.9
794.000;13.233;147.1;42.8
795.000;13.250;146.7;39.9
796.000;13.267;146.1;40.5
797.000;13.283;145.6;42.9
798.000;13.300;145.1;43.4
799.000;13.317;144.9;44.5
800.000;13.333;144.8;47.1
801.000;13.350;144.9;49.2
802.000;13.367;144.8;50.3
803.000;13.383;144.5;51.6
804.000;13.400;144.2;54.0
805.000;13.417;144.0;57.7
806.000;13.433;143.9;58.1
807.000;13.450;143.9;55.5
808.000;13.467;143.7;57.9
809.000;13.483;143.4;58.9
810.000;13.500;143.2;59.5
811.000;13.517;142.8;59.8
812.000;13.533;142.5;54.0
813.000;13.550;142.1;54.5
814.000;13.567;141.8;55.5
815.000;13.583;141.5;55.5
816.000;13.600;141.3;57.1
817.000;13.617;141.3;58.8
818.000;13.633;141.2;58.7
819.000;13.650;141.1;58.5
820.000;13.667;141.0;57.5
821.000;13.683;140.8;54.0
822.000;13.700;140.7;55.9
823.000;13.717;140.5;56.0
824.000;13.733;140.4;56.0
825.000;13.750;140.4;51.7
826.000;13.767;140.5;45.4
827.000;13.783;140.6;44.7
828.000;13.800;141.0;44.8
829.000;13.817;141.5;44.8
830.000;13.833;141.9;43.8
831.000;13.850;142.5;42.6
832.000;13.867;143.1;39.9
833.000;13.883;143.7;35.9
834.000;13.900;144.1;35.6
835.000;13.917;144.2;41.9
836.000;13.933;144.1;44.5
837.000;13.950;143.9;38.1
838.000;13.967;143.6;31.7
839.000;13.983;143.4;25.3
840.000;14.000;143.2;24.0
841.000;14.017;143.1;27.5
842.000;14.033;143.0;31.3
843.000;14.050;143.0;33.2
844.000;14.067;143.1;30.3
845.000;14.083;143.2;27.0
846.000;14.100;143.2;30.1
847.000;14.117;143.3;36.6
848.000;14.133;143.3;39.4
849.000;14.150;143.4;41.6
850.000;14.167;143.5;39.7
851.000;14.183;143.5;33.4
852.000;14.200;143.4;27.1
853.000;14.217;143.4;22.7
854.000;14.233;143.4;19.5
855.000;14.250;143.7;16.7
856.000;14.267;143.9;10.2
857.000;14.283;144.3;4.9
858.000;14.300;144.6;2.3
859.000;14.317;145.0;1.2
860.000;14.333;145.0;1.2
861.000;14.350;145.0;1.2
862.000;14.367;144.9;1.2
863.000;14.383;144.8;1.2
864.000;14.400;144.5;1.3
865.000;14.417;144.3;1.3
866.000;14.433;144.0;1.3
867.000;14.450;143.7;1.3
868.000;14.467;143.5;1.3
869.000;14.483;143.3;1.4
870.000;14.500;143.4;1.5
871.000;14.517;143.5;1.6
872.000;14.533;143.6;1.6
873.000;14.550;143.7;3.0
874.000;14.567;143.8;4.1
875.000;14.583;143.9;4.5
876.000;14.600;144.0;5.0
